{"term": "сатербург", "moresuggestions": 0, "autoSuggestInstance": null, "trackingID": "51507865023342f98ccca89b64743226", "misspellingfallback": false, "suggestions": [{"group": "CITY_GROUP", "entities": [{"geoId": "6197995", "destinationId": "496858", "landmarkCityDestinationId": null, "type": "CITY", "redirectPage": "DEFAULT_PAGE", "latitude": 48.738322568638104, "longitude": 7.0470495925835435, "searchDetail": null, "caption": "Сарребург, Мозель (департамент), Франция", "name": "Сарребург"}]}, {"group": "HOTEL_GROUP", "entities": [{"geoId": "7301586", "destinationId": "448538", "landmarkCityDestinationId": null, "type": "HOTEL", "redirectPage": "DEFAULT_PAGE", "latitude": 48.720581, "longitude": 7.037837, "searchDetail": null, "caption": "Ibis Styles Sarrebourg Hotel, Сарребург, Мозель (департамент), Франция", "name": "Ibis Styles Sarrebourg Hotel"}]}, {"group": "LANDMARK_GROUP", "entities": [{"geoId": "6308567", "destinationId": "1791695", "landmarkCityDestinationId": "496858", "type": "LANDMARK", "redirectPage": "DEFAULT_PAGE", "latitude": 48.735393, "longitude": 7.057685, "searchDetail": null, "caption": "Парк Свободы, Сарребург, Мозель (департамент), Франция", "name": "Парк Свободы"}, {"geoId": "553248635997853547", "destinationId": "12685209", "landmarkCityDestinationId": "496858", "type": "LANDMARK", "redirectPage": "DEFAULT_PAGE", "latitude": 48.735219, "longitude": 7.053147, "searchDetail": null, "caption": "Часовня Корделье, Сарребург, Мозель (департамент), Франция", "name": "Часовня Корделье"}, {"geoId": "6285997", "destinationId": "1780066", "landmarkCityDestinationId": "342149", "type": "LANDMARK", "redirectPage": "DEFAULT_PAGE", "latitude": 49.60965, "longitude": 6.55513, "searchDetail": null, "caption": "Замок Саарбурга, Заарбург, Рейнланд-Пфальц (земля), Германия", "name": "Замок Саарбурга"}, {"geoId": "6308569", "destinationId": "1791701", "landmarkCityDestinationId": "496858", "type": "LANDMARK", "redirectPage": "DEFAULT_PAGE", "latitude": 48.737788, "longitude": 7.026924, "searchDetail": null, "caption": "Поле для гольфа в г. Сарбур, Сарребург, Мозель (департамент), Франция", "name": "Поле для гольфа в г. Сарбур"}, {"geoId": "6308565", "destinationId": "1791698", "landmarkCityDestinationId": "496858", "type": "LANDMARK", "redirectPage": "DEFAULT_PAGE", "latitude": 48.735167, "longitude": 7.055534, "searchDetail": null, "caption": "Музей в г. Сарбур, Сарребург, Мозель (департамент), Франция", "name": "Музей в г. Сарбур"}]}, {"group": "TRANSPORT_GROUP", "entities": [{"geoId": "6015504", "destinationId": "1702126", "landmarkCityDestinationId": null, "type": "TRAIN_STATION", "redirectPage": "DEFAULT_PAGE", "latitude": 48.737881, "longitude": 7.053013, "searchDetail": null, "caption": "Станция Sarrebourg, Сарребург, Мозель (департамент), Франция", "name": "Станция Sarrebourg"}]}], "geocodeFallback": false}